{"assets/icons/Share.svg":["assets/icons/Share.svg"],"assets/icons/arrow.png":["assets/icons/arrow.png"],"assets/icons/arrow.svg":["assets/icons/arrow.svg"],"assets/icons/arrow_blue_down.png":["assets/icons/arrow_blue_down.png"],"assets/icons/arrow_blue_up.png":["assets/icons/arrow_blue_up.png"],"assets/icons/back.png":["assets/icons/back.png"],"assets/icons/background.png":["assets/icons/background.png"],"assets/icons/cancel.png":["assets/icons/cancel.png"],"assets/icons/cancel_blue.png":["assets/icons/cancel_blue.png"],"assets/icons/character1.svg":["assets/icons/character1.svg"],"assets/icons/character2.svg":["assets/icons/character2.svg"],"assets/icons/cross.svg":["assets/icons/cross.svg"],"assets/icons/down_arrow.svg":["assets/icons/down_arrow.svg"],"assets/icons/faq_ic.png":["assets/icons/faq_ic.png"],"assets/icons/first.svg":["assets/icons/first.svg"],"assets/icons/foreground.png":["assets/icons/foreground.png"],"assets/icons/freepik_Character_inject.svg":["assets/icons/freepik_Character_inject.svg"],"assets/icons/hello_there_icon.svg":["assets/icons/hello_there_icon.svg"],"assets/icons/help.svg":["assets/icons/help.svg"],"assets/icons/home.svg":["assets/icons/home.svg"],"assets/icons/icon.png":["assets/icons/icon.png"],"assets/icons/legal_info.svg":["assets/icons/legal_info.svg"],"assets/icons/let_start_icon.svg":["assets/icons/let_start_icon.svg"],"assets/icons/logo.png":["assets/icons/logo.png"],"assets/icons/logo_blue.png":["assets/icons/logo_blue.png"],"assets/icons/logout.svg":["assets/icons/logout.svg"],"assets/icons/my_documents.svg":["assets/icons/my_documents.svg"],"assets/icons/my_policies.svg":["assets/icons/my_policies.svg"],"assets/icons/notification_icon_type1.png":["assets/icons/notification_icon_type1.png"],"assets/icons/notification_icon_type2.png":["assets/icons/notification_icon_type2.png"],"assets/icons/personal_details.svg":["assets/icons/personal_details.svg"],"assets/icons/profile.svg":["assets/icons/profile.svg"],"assets/icons/rate_us.svg":["assets/icons/rate_us.svg"],"assets/icons/right_arrow_blue.png":["assets/icons/right_arrow_blue.png"],"assets/icons/second.svg":["assets/icons/second.svg"],"assets/icons/settings.svg":["assets/icons/settings.svg"],"assets/icons/third.svg":["assets/icons/third.svg"],"assets/icons/transaction_icon.png":["assets/icons/transaction_icon.png"],"assets/icons/transcation.svg":["assets/icons/transcation.svg"],"assets/images/Character1.png":["assets/images/Character1.png"],"assets/images/Character2.png":["assets/images/Character2.png"],"assets/images/Group.png":["assets/images/Group.png"],"assets/images/arrow_down.png":["assets/images/arrow_down.png"],"assets/images/arrow_up.png":["assets/images/arrow_up.png"],"assets/images/background.jpg":["assets/images/background.jpg"],"assets/images/benefits.png":["assets/images/benefits.png"],"assets/images/cashback_reward.png":["assets/images/cashback_reward.png"],"assets/images/dummypic.png":["assets/images/dummypic.png"],"assets/images/faq_img.png":["assets/images/faq_img.png"],"assets/images/green_circle.png":["assets/images/green_circle.png"],"assets/images/help_banner.png":["assets/images/help_banner.png"],"assets/images/logo.png":["assets/images/logo.png"],"assets/images/notification.png":["assets/images/notification.png"],"assets/images/profile.png":["assets/images/profile.png"],"assets/images/right_tick.png":["assets/images/right_tick.png"],"assets/images/rupee.png":["assets/images/rupee.png"],"packages/cupertino_icons/assets/CupertinoIcons.ttf":["packages/cupertino_icons/assets/CupertinoIcons.ttf"],"packages/flutter_math_fork/lib/katex_fonts/fonts/KaTeX_AMS-Regular.ttf":["packages/flutter_math_fork/lib/katex_fonts/fonts/KaTeX_AMS-Regular.ttf"],"packages/flutter_math_fork/lib/katex_fonts/fonts/KaTeX_Caligraphic-Bold.ttf":["packages/flutter_math_fork/lib/katex_fonts/fonts/KaTeX_Caligraphic-Bold.ttf"],"packages/flutter_math_fork/lib/katex_fonts/fonts/KaTeX_Caligraphic-Regular.ttf":["packages/flutter_math_fork/lib/katex_fonts/fonts/KaTeX_Caligraphic-Regular.ttf"],"packages/flutter_math_fork/lib/katex_fonts/fonts/KaTeX_Fraktur-Bold.ttf":["packages/flutter_math_fork/lib/katex_fonts/fonts/KaTeX_Fraktur-Bold.ttf"],"packages/flutter_math_fork/lib/katex_fonts/fonts/KaTeX_Fraktur-Regular.ttf":["packages/flutter_math_fork/lib/katex_fonts/fonts/KaTeX_Fraktur-Regular.ttf"],"packages/flutter_math_fork/lib/katex_fonts/fonts/KaTeX_Main-Bold.ttf":["packages/flutter_math_fork/lib/katex_fonts/fonts/KaTeX_Main-Bold.ttf"],"packages/flutter_math_fork/lib/katex_fonts/fonts/KaTeX_Main-BoldItalic.ttf":["packages/flutter_math_fork/lib/katex_fonts/fonts/KaTeX_Main-BoldItalic.ttf"],"packages/flutter_math_fork/lib/katex_fonts/fonts/KaTeX_Main-Italic.ttf":["packages/flutter_math_fork/lib/katex_fonts/fonts/KaTeX_Main-Italic.ttf"],"packages/flutter_math_fork/lib/katex_fonts/fonts/KaTeX_Main-Regular.ttf":["packages/flutter_math_fork/lib/katex_fonts/fonts/KaTeX_Main-Regular.ttf"],"packages/flutter_math_fork/lib/katex_fonts/fonts/KaTeX_Math-BoldItalic.ttf":["packages/flutter_math_fork/lib/katex_fonts/fonts/KaTeX_Math-BoldItalic.ttf"],"packages/flutter_math_fork/lib/katex_fonts/fonts/KaTeX_Math-Italic.ttf":["packages/flutter_math_fork/lib/katex_fonts/fonts/KaTeX_Math-Italic.ttf"],"packages/flutter_math_fork/lib/katex_fonts/fonts/KaTeX_SansSerif-Bold.ttf":["packages/flutter_math_fork/lib/katex_fonts/fonts/KaTeX_SansSerif-Bold.ttf"],"packages/flutter_math_fork/lib/katex_fonts/fonts/KaTeX_SansSerif-Italic.ttf":["packages/flutter_math_fork/lib/katex_fonts/fonts/KaTeX_SansSerif-Italic.ttf"],"packages/flutter_math_fork/lib/katex_fonts/fonts/KaTeX_SansSerif-Regular.ttf":["packages/flutter_math_fork/lib/katex_fonts/fonts/KaTeX_SansSerif-Regular.ttf"],"packages/flutter_math_fork/lib/katex_fonts/fonts/KaTeX_Script-Regular.ttf":["packages/flutter_math_fork/lib/katex_fonts/fonts/KaTeX_Script-Regular.ttf"],"packages/flutter_math_fork/lib/katex_fonts/fonts/KaTeX_Size1-Regular.ttf":["packages/flutter_math_fork/lib/katex_fonts/fonts/KaTeX_Size1-Regular.ttf"],"packages/flutter_math_fork/lib/katex_fonts/fonts/KaTeX_Size2-Regular.ttf":["packages/flutter_math_fork/lib/katex_fonts/fonts/KaTeX_Size2-Regular.ttf"],"packages/flutter_math_fork/lib/katex_fonts/fonts/KaTeX_Size3-Regular.ttf":["packages/flutter_math_fork/lib/katex_fonts/fonts/KaTeX_Size3-Regular.ttf"],"packages/flutter_math_fork/lib/katex_fonts/fonts/KaTeX_Size4-Regular.ttf":["packages/flutter_math_fork/lib/katex_fonts/fonts/KaTeX_Size4-Regular.ttf"],"packages/flutter_math_fork/lib/katex_fonts/fonts/KaTeX_Typewriter-Regular.ttf":["packages/flutter_math_fork/lib/katex_fonts/fonts/KaTeX_Typewriter-Regular.ttf"],"packages/wakelock_web/assets/no_sleep.js":["packages/wakelock_web/assets/no_sleep.js"]}